species,accession,name,aliases,sequence
Homo sapiens,Q9Y6Y9,LY96,ESOP1;Myeloid Differentiation Protein-2;LY-96;lymphocyte antigen 96,MLPFLFFSTLFSSIFTEAQKQYWVCNSSDASISYTYCDKMQYPISINVNPCIELKRSKGLLHIFYIPRRDLKQLYFNLYITVNTMNLPKRKEVICRGSDDDYSFCRALKGETVNTTISFSFKGIKFSKGKYKCVVEAISGSPEEMLFCLEFVILHQPNSN
Danio rerio,A0A140LG20,LY96,ESOP1;Myeloid Differentiation Protein-2;LY-96;lymphocyte antigen 96,"MALWCPSAFLCFIALSCMASEKAERKSLCSSEQVNFWYTFEGPLHYLSMTVSPCSLGVSL
YFINLTLIPMFTITRFGFHGVVYYKGQMWLEHEVPNVLCEDYKICHIIKGETLRETFPVI
IRKIDGPEGEYQIHLTVNITDDLEMKETIHFNMTVEVKTGGNKSFFSPQIGRL"
Homo sapiens,O95711,LY86,Lymphocyte Antigen 86;MD-1;LY86;RP105-associated 3;MMD-1,"MKGFTATLFLWTLIFPSCSGGGGGKAWPTHVVCSDSGLEVLYQSCDPLQDFGFSVEKCSK
QLKSNINIRFGIILREDIKELFLDLALMSQGSSVLNFSYPICEAALPKFSFCGRRKGEQI
YYAGPVNNPEFTIPQGEYQVLLELYTEKRSTVACANATIMCS"
Danio rerio,E7F6I2,LY86,Lymphocyte Antigen 86;MD-1;LY86;RP105-associated 3;MMD-1,"MKTYFNMLLFLILGLVQMDRAHSQDPQWPLHTICNSNKLTVTYRSCDPLQDVGVSFLPCP
NKLTDPTTVRIAFILRQSITEFYSSIKLFLNGLHVWGVDEPLCLPQFPRFTFCGSRRGEM
ITFEMLIKSKVDLPLKGDFNLMVHGINQDGFQIACVNATLSFW"
